BLE1,BLE2,BLE3,BLE4,PosX,PosY
-82,-68,-84,-77,0.071584,0.124901
-82,-65,-84,-76,0.00147,0.474506
-82,-61,-84,-76,0.047313,0.407728
-82,-61,-84,-76,0.047313,0.407728
-82,-63,-84,-77,0.029339,0.022109
-82,-66,-84,-77,0.017777,0.046523
-82,-68,-84,-76,0.071584,0.580921
-82,-64,-84,-76,0.016926,0.451992
-82,-62,-84,-77,0.039307,0.03663
-82,-67,-84,-77,0.041742,0.081432
-82,-66,-84,-77,0.017777,0.046523
-82,-68,-84,-76,0.071584,0.580921
-82,-66,-84,-76,0.017777,0.502542
-82,-62,-84,-76,0.039307,0.419389
-82,-63,-84,-76,0.029339,0.43391
-82,-63,-84,-76,0.029339,0.43391
-82,-66,-84,-76,0.017777,0.502542
-82,-68,-84,-76,0.071584,0.580921
-82,-68,-84,-76,0.071584,0.580921
-82,-67,-84,-76,0.041742,0.537451
-82,-62,-84,-77,0.039307,0.03663
-82,-65,-84,-76,0.00147,0.474506
-82,-64,-84,-76,0.016926,0.451992
-82,-63,-84,-76,0.029339,0.43391
-82,-66,-84,-77,0.017777,0.046523
-82,-68,-84,-77,0.071584,0.124901
-82,-66,-84,-77,0.017777,0.046523
-82,-68,-84,-77,0.071584,0.124901
-82,-68,-84,-76,0.071584,0.580921
-82,-63,-84,-77,0.029339,0.022109
-82,-67,-84,-77,0.041742,0.081432
-82,-62,-84,-77,0.039307,0.03663
-82,-67,-84,-76,0.041742,0.537451
-82,-64,-84,-77,0.016926,0.004028
-82,-64,-84,-77,0.016926,0.004028
-82,-64,-84,-76,0.016926,0.451992
-82,-65,-84,-77,0.00147,0.018487
-82,-66,-84,-77,0.017777,0.046523
-82,-67,-84,-77,0.041742,0.081432
-82,-63,-84,-77,0.029339,0.022109
-81,-68,-83,-75,0.714501,0.518531
-81,-65,-83,-76,0.641448,0.045895
-81,-61,-83,-76,0.595605,0.020884
-80,-61,-83,-76,1.111923,0.365096
-80,-63,-83,-75,1.129897,0.027309
-80,-66,-83,-74,1.177012,0.390048
-81,-68,-83,-75,0.714501,0.518531
-80,-64,-83,-74,1.14231,0.339498
-80,-62,-83,-74,1.119929,0.306896
-81,-67,-83,-76,0.68466,0.108839
-80,-66,-83,-76,1.177012,0.270282
-81,-68,-83,-75,0.714501,0.518531
-80,-66,-83,-76,1.177012,0.270282
-81,-62,-83,-74,0.60361,0.651108
-81,-63,-83,-74,0.613579,0.665629
-81,-63,-83,-75,0.613579,0.371521
-81,-66,-83,-75,0.660694,0.440152
-81,-68,-83,-74,0.714501,0.812639
-80,-68,-83,-76,1.230819,0.191903
-81,-67,-83,-76,0.68466,0.108839
-81,-62,-83,-76,0.60361,0.009222
-81,-65,-83,-76,0.641448,0.045895
-81,-64,-83,-76,0.625992,0.02338
-80,-63,-83,-76,1.129897,0.338914
-81,-66,-83,-76,0.660694,0.07393
-80,-68,-83,-76,1.230819,0.191903
-80,-66,-83,-76,1.177012,0.270282
-80,-68,-83,-74,1.230819,0.468427
-80,-68,-83,-74,1.230819,0.468427
-81,-63,-83,-76,0.613579,0.005298
-80,-67,-83,-77,1.200978,0.691392
-80,-62,-83,-77,1.119929,0.809454
-80,-67,-83,-74,1.200978,0.424958
-81,-64,-83,-75,0.625992,0.389602
-81,-64,-83,-75,0.625992,0.389602
-80,-64,-83,-77,1.14231,0.776851
-81,-65,-83,-77,0.641448,0.410125
-80,-66,-83,-74,1.177012,0.390048
-81,-67,-83,-76,0.68466,0.108839
-81,-63,-83,-75,0.613579,0.371521
-79,-69,-82,-72,1.682626,0.672001
-81,-68,-82,-70,0.714501,1.513186
-81,-69,-82,-72,0.75166,1.292645
-81,-69,-82,-72,0.75166,1.292645
-80,-65,-82,-71,1.157766,0.940224
-80,-69,-82,-70,1.267978,1.223102
-80,-66,-82,-71,1.177012,0.968259
-81,-68,-82,-74,0.714501,0.812639
-79,-64,-82,-72,1.556958,0.488944
-80,-67,-82,-71,1.200978,1.003168
-79,-69,-82,-69,1.682626,1.044916
-79,-69,-82,-69,1.682626,1.044916
-79,-66,-82,-71,1.59166,0.691827
-80,-68,-82,-72,1.230819,0.894305
-81,-66,-82,-74,0.660694,0.73426
-80,-64,-82,-70,1.14231,1.040045
-81,-68,-82,-73,0.714501,1.048833
-80,-68,-82,-73,1.230819,0.704621
-81,-67,-82,-72,0.68466,1.195048
-81,-68,-82,-73,0.714501,1.048833
-79,-65,-82,-74,1.572414,0.085581
-79,-64,-82,-71,1.556958,0.641277
-81,-66,-82,-72,0.660694,1.160138
-81,-68,-82,-71,0.714501,1.39085
-81,-66,-82,-74,0.660694,0.73426
-80,-68,-82,-74,1.230819,0.468427
-81,-68,-82,-74,0.714501,0.812639
-81,-66,-82,-74,0.660694,0.73426
-81,-67,-82,-72,0.68466,1.195048
-79,-69,-82,-73,1.682626,0.482317
-81,-67,-82,-74,0.68466,0.76917
-79,-64,-82,-72,1.556958,0.488944
-80,-64,-82,-72,1.14231,0.765376
-81,-64,-82,-73,0.625992,0.919904
-80,-65,-82,-74,1.157766,0.362013
-79,-66,-82,-73,1.59166,0.349811
-79,-67,-82,-73,1.615626,0.38472
-80,-68,-82,-74,1.230819,0.468427
-80,-68,-82,-74,1.230819,0.468427
-80,-65,-82,-72,1.157766,0.787891
-79,-73,-82,-75,1.947586,0.337974
-78,-71,-83,-76,2.119508,0.48488
-78,-71,-83,-76,2.119508,0.48488
-79,-69,-82,-76,1.682626,0.414207
-79,-70,-82,-75,1.728896,0.019415
-79,-71,-83,-74,1.786511,0.397449
-79,-71,-83,-75,1.786511,0.103341
-79,-70,-82,-74,1.728896,0.313523
-79,-73,-83,-74,1.947586,0.632082
-78,-71,-82,-76,2.119508,0.48488
-78,-71,-82,-76,2.119508,0.48488
-79,-73,-82,-75,1.947586,0.337974
-78,-69,-82,-76,2.015623,0.636206
-78,-73,-82,-74,2.280584,0.410084
-79,-73,-83,-74,1.947586,0.632082
-79,-72,-82,-75,1.858253,0.207845
-79,-69,-83,-75,1.682626,0.047985
-79,-70,-82,-74,1.728896,0.313523
-79,-71,-82,-76,1.786511,0.262882
-78,-69,-82,-76,2.015623,0.636206
-78,-71,-82,-76,2.119508,0.48488
-78,-73,-82,-76,2.280584,0.250247
-79,-72,-82,-76,1.858253,0.158377
-79,-71,-82,-76,1.786511,0.262882
-79,-71,-82,-76,1.786511,0.262882
-79,-71,-82,-76,1.786511,0.262882
-79,-73,-83,-76,1.947586,0.028249
-79,-72,-82,-74,1.858253,0.501953
-79,-73,-82,-74,1.947586,0.632082
-79,-73,-82,-76,1.947586,0.028249
-79,-73,-83,-77,1.947586,0.484268
-79,-73,-83,-77,1.947586,0.484268
-79,-73,-83,-74,1.947586,0.632082
-79,-73,-82,-75,1.947586,0.337974
-79,-72,-82,-75,1.858253,0.207845
-78,-73,-82,-77,2.280584,0.706266
-79,-70,-83,-77,1.728896,0.802827
-78,-70,-82,-74,2.061893,0.091525
-78,-71,-82,-76,2.119508,0.48488
-78,-73,-82,-75,2.280584,0.115976
-79,-73,-81,-69,1.947586,1.430875
-78,-71,-81,-69,2.119508,0.974244
-78,-71,-81,-72,2.119508,0.601329
-79,-70,-81,-70,1.728896,1.01407
-79,-71,-81,-72,1.786511,0.823327
-79,-71,-81,-72,1.786511,0.823327
-79,-70,-81,-71,1.728896,0.891734
-79,-73,-81,-69,1.947586,1.430875
-79,-71,-81,-70,1.786511,1.097996
-78,-71,-81,-71,2.119508,0.753661
-78,-73,-81,-69,2.280584,1.208877
-79,-73,-81,-72,1.947586,1.05796
-78,-73,-81,-69,2.280584,1.208877
-78,-72,-81,-69,2.191251,1.078748
-79,-70,-81,-71,1.728896,0.891734
-79,-71,-81,-69,1.786511,1.196242
-79,-71,-81,-69,1.786511,1.196242
-79,-73,-81,-71,1.947586,1.210293
-79,-72,-81,-72,1.858253,0.927831
-78,-71,-81,-70,2.119508,0.875997
-78,-71,-81,-73,2.119508,0.411645
-78,-73,-81,-73,2.280584,0.646278
-79,-72,-81,-72,1.858253,0.927831
-79,-73,-81,-73,1.947586,0.868276
-79,-73,-81,-71,1.947586,1.210293
-79,-73,-81,-72,1.947586,1.05796
-79,-73,-81,-71,1.947586,1.210293
-79,-73,-81,-72,1.947586,1.05796
-79,-73,-81,-73,1.947586,0.868276
-79,-72,-81,-72,1.858253,0.927831
-79,-73,-81,-72,1.947586,1.05796
-79,-70,-81,-73,1.728896,0.549717
-79,-70,-81,-73,1.728896,0.549717
-79,-71,-81,-73,1.786511,0.633643
-79,-73,-81,-72,1.947586,1.05796
-78,-73,-81,-73,2.280584,0.646278
-79,-72,-81,-72,1.858253,0.927831
-78,-72,-81,-73,2.191251,0.516149
-78,-72,-81,-72,2.191251,0.705833
-78,-72,-81,-71,2.191251,0.858166
-80,-73,-80,-66,1.532938,1.900457
-80,-75,-80,-67,1.782688,2.213373
-80,-74,-80,-64,1.644176,2.136178
-80,-74,-80,-68,1.644176,1.948243
-80,-74,-80,-65,1.644176,2.103359
-80,-73,-80,-67,1.532938,1.849571
-80,-73,-80,-68,1.532938,1.786207
-79,-75,-80,-65,2.197336,2.028694
-79,-73,-80,-66,1.947586,1.624025
-79,-73,-80,-68,1.947586,1.509775
-79,-74,-80,-66,2.058823,1.786061
-79,-75,-80,-66,2.197336,1.987827
-79,-73,-80,-68,1.947586,1.509775
-79,-75,-80,-67,2.197336,1.936941
-79,-74,-80,-68,2.058823,1.671811
-79,-73,-80,-63,1.947586,1.724067
-79,-75,-80,-66,2.197336,1.987827
-79,-73,-80,-68,1.947586,1.509775
-79,-74,-80,-68,2.058823,1.671811
-80,-73,-80,-67,1.532938,1.849571
-80,-73,-80,-67,1.532938,1.849571
-79,-73,-80,-67,1.947586,1.573139
-79,-73,-80,-68,1.947586,1.509775
-80,-73,-80,-68,1.532938,1.786207
-80,-74,-80,-68,1.644176,1.948243
-80,-74,-80,-67,1.644176,2.011606
-79,-75,-80,-64,2.197336,2.061513
-80,-75,-80,-64,1.782688,2.337944
-79,-74,-80,-64,2.058823,1.859746
-79,-73,-80,-64,1.947586,1.697711
-79,-74,-80,-64,2.058823,1.859746
-79,-74,-80,-66,2.058823,1.786061
-79,-74,-80,-68,2.058823,1.671811
-79,-74,-80,-66,2.058823,1.786061
-79,-74,-80,-66,2.058823,1.786061
-79,-75,-80,-64,2.197336,2.061513
-79,-75,-80,-65,2.197336,2.028694
-79,-74,-80,-65,2.058823,1.826927
-79,-74,-80,-66,2.058823,1.786061
-79,-74,-80,-66,2.058823,1.786061
-77,-74,-81,-75,2.659247,0.099728
-75,-74,-82,-76,3.046488,0.524656
-75,-74,-81,-76,3.046488,0.524656
-75,-75,-81,-76,3.185,0.322889
-76,-75,-82,-75,3.012525,0.158317
-75,-75,-82,-74,3.185,0.337441
-75,-74,-81,-75,3.046488,0.158433
-76,-75,-82,-74,3.012525,0.452425
-76,-75,-81,-74,3.012525,0.452425
-76,-74,-82,-76,2.874012,0.409672
-76,-75,-82,-76,3.012525,0.207906
-77,-74,-81,-75,2.659247,0.099728
-75,-75,-81,-76,3.185,0.322889
-76,-76,-82,-74,3.185,0.703664
-76,-76,-82,-74,3.185,0.703664
-75,-76,-82,-75,3.357475,0.294572
-75,-76,-81,-75,3.357475,0.294572
-76,-76,-81,-76,3.185,0.043333
-75,-76,-82,-76,3.357475,0.07165
-77,-76,-81,-76,2.970234,0.18651
-75,-76,-82,-76,3.357475,0.07165
-75,-74,-81,-76,3.046488,0.524656
-76,-74,-81,-76,2.874012,0.409672
-77,-76,-82,-76,2.970234,0.18651
-77,-76,-82,-77,2.970234,0.269509
-77,-75,-82,-76,2.797759,0.064729
-75,-75,-82,-74,3.185,0.337441
-75,-74,-81,-74,3.046488,0.135675
-75,-74,-81,-76,3.046488,0.524656
-76,-74,-82,-77,2.874012,0.865691
-76,-74,-82,-77,2.874012,0.865691
-77,-74,-81,-74,2.659247,0.393836
-77,-74,-81,-75,2.659247,0.099728
-76,-75,-82,-75,3.012525,0.158317
-77,-75,-81,-77,2.797759,0.520748
-76,-74,-81,-74,2.874012,0.250658
-76,-76,-82,-76,3.185,0.043333
-76,-76,-82,-75,3.185,0.409556
-76,-74,-82,-75,2.874012,0.04345
-76,-76,-81,-77,3.185,0.412686
-77,-74,-80,-72,2.659247,0.819714
-76,-74,-81,-70,2.874012,0.951205
-76,-74,-81,-72,2.874012,0.676536
-76,-75,-81,-72,3.012525,0.878303
-76,-75,-81,-71,3.012525,1.030635
-76,-75,-80,-70,3.012525,1.152971
-77,-74,-81,-71,2.659247,0.972046
-76,-75,-80,-74,3.012525,0.452425
-76,-75,-80,-72,3.012525,0.878303
-76,-74,-81,-71,2.874012,0.828869
-77,-75,-81,-71,2.797759,1.173813
-76,-74,-80,-72,2.874012,0.676536
-77,-75,-80,-74,2.797759,0.595602
-77,-76,-81,-70,2.970234,1.547388
-77,-76,-81,-73,2.970234,1.083035
-76,-76,-80,-74,3.185,0.703664
-76,-76,-81,-73,3.185,0.939858
-77,-76,-81,-72,2.970234,1.272719
-77,-76,-81,-74,2.970234,0.846841
-76,-76,-80,-74,3.185,0.703664
-77,-76,-81,-73,2.970234,1.083035
-76,-74,-81,-74,2.874012,0.250658
-76,-74,-81,-71,2.874012,0.828869
-76,-76,-81,-72,3.185,1.129542
-76,-76,-81,-71,3.185,1.281874
-76,-75,-80,-74,3.012525,0.452425
-77,-75,-81,-74,2.797759,0.595602
-76,-74,-80,-74,2.874012,0.250658
-76,-74,-80,-74,2.874012,0.250658
-77,-74,-80,-72,2.659247,0.819714
-77,-74,-81,-73,2.659247,0.63003
-76,-74,-80,-74,2.874012,0.250658
-76,-74,-80,-72,2.874012,0.676536
-76,-75,-80,-72,3.012525,0.878303
-77,-75,-81,-73,2.797759,0.831796
-77,-74,-81,-74,2.659247,0.393836
-77,-76,-81,-73,2.970234,1.083035
-77,-76,-81,-73,2.970234,1.083035
-77,-74,-81,-74,2.659247,0.393836
-77,-76,-80,-74,2.970234,0.846841
-77,-76,-78,-69,2.970234,1.645634
-78,-76,-78,-66,2.702809,2.017068
-78,-76,-79,-67,2.702809,1.966182
-77,-76,-79,-69,2.970234,1.645634
-77,-76,-79,-70,2.970234,1.547388
-78,-76,-78,-68,2.702809,1.902818
-77,-76,-79,-69,2.970234,1.645634
-77,-77,-79,-70,3.185,1.86023
-77,-77,-78,-69,3.185,1.958476
-78,-76,-79,-69,2.702809,1.823918
-77,-77,-79,-69,3.185,1.958476
-77,-77,-79,-69,3.185,1.958476
-78,-76,-79,-69,2.702809,1.823918
-77,-76,-78,-67,2.970234,1.787898
-78,-77,-79,-68,2.917574,2.21566
-78,-77,-79,-71,2.917574,1.916177
-78,-77,-79,-71,2.917574,1.916177
-78,-77,-79,-71,2.917574,1.916177
-78,-77,-79,-65,2.917574,2.370776
-78,-77,-79,-66,2.917574,2.32991
-77,-77,-78,-71,3.185,1.737894
-77,-76,-78,-70,2.970234,1.547388
-77,-76,-79,-69,2.970234,1.645634
-78,-77,-78,-71,2.917574,1.916177
-77,-77,-79,-68,3.185,2.037376
-77,-76,-79,-69,2.970234,1.645634
-77,-77,-78,-69,3.185,1.958476
-77,-77,-79,-69,3.185,1.958476
-78,-77,-79,-71,2.917574,1.916177
-78,-77,-79,-68,2.917574,2.21566
-78,-76,-78,-67,2.702809,1.966182
-78,-76,-79,-68,2.702809,1.902818
-78,-76,-79,-69,2.702809,1.823918
-78,-76,-78,-71,2.702809,1.603335
-77,-77,-78,-70,3.185,1.86023
-77,-77,-79,-70,3.185,1.86023
-77,-77,-78,-71,3.185,1.737894
-77,-76,-78,-70,2.970234,1.547388
-77,-77,-78,-70,3.185,1.86023
-77,-77,-79,-70,3.185,1.86023
-71,-78,-81,-77,4.250492,0.099161
-73,-77,-81,-76,3.821991,0.074692
-73,-78,-81,-76,4.089416,0.464242
-73,-78,-81,-76,4.089416,0.464242
-72,-78,-81,-77,4.178749,0.051333
-71,-78,-81,-77,4.250492,0.099161
-72,-78,-81,-76,4.178749,0.404687
-74,-78,-81,-76,3.978179,0.5384
-72,-78,-81,-77,4.178749,0.051333
-71,-77,-81,-77,3.983066,0.488711
-72,-78,-81,-77,4.178749,0.051333
-71,-77,-81,-76,3.983066,0.032692
-73,-77,-81,-76,3.821991,0.074692
-71,-78,-81,-76,4.250492,0.356858
-72,-78,-81,-76,4.178749,0.404687
-73,-77,-81,-76,3.821991,0.074692
-73,-78,-81,-76,4.089416,0.464242
-74,-78,-81,-76,3.978179,0.5384
-71,-77,-81,-76,3.983066,0.032692
-73,-77,-81,-76,3.821991,0.074692
-71,-78,-81,-77,4.250492,0.099161
-72,-77,-81,-76,3.911324,0.015137
-74,-77,-81,-76,3.710753,0.14885
-73,-78,-81,-76,4.089416,0.464242
-73,-78,-81,-77,4.089416,0.008223
-73,-78,-81,-77,4.089416,0.008223
-74,-78,-81,-77,3.978179,0.082381
-73,-78,-81,-77,4.089416,0.008223
-71,-78,-81,-76,4.250492,0.356858
-74,-78,-81,-77,3.978179,0.082381
-72,-78,-81,-77,4.178749,0.051333
-71,-78,-81,-77,4.250492,0.099161
-72,-78,-81,-76,4.178749,0.404687
-72,-78,-81,-77,4.178749,0.051333
-72,-78,-81,-77,4.178749,0.051333
-72,-78,-81,-76,4.178749,0.404687
-73,-78,-81,-77,4.089416,0.008223
-74,-77,-81,-77,3.710753,0.307169
-72,-78,-81,-77,4.178749,0.051333
-74,-78,-81,-77,3.978179,0.082381
-75,-78,-80,-75,3.839667,0.996964
-73,-77,-79,-75,3.821991,0.440914
-73,-78,-79,-74,4.089416,1.124573
-75,-78,-79,-75,3.839667,0.996964
-73,-78,-79,-74,4.089416,1.124573
-72,-79,-79,-73,4.511747,1.786278
-72,-78,-79,-74,4.178749,1.065017
-75,-78,-79,-73,3.839667,1.527266
-74,-78,-79,-75,3.978179,0.904623
-75,-78,-80,-74,3.839667,1.291072
-75,-79,-79,-74,4.172664,1.776139
-72,-78,-80,-75,4.178749,0.770909
-72,-77,-79,-75,3.911324,0.381359
-73,-77,-80,-74,3.821991,0.735023
-71,-79,-79,-74,4.583489,1.502256
-72,-78,-80,-74,4.178749,1.065017
-73,-79,-79,-74,4.422414,1.609639
-73,-78,-80,-75,4.089416,0.830464
-74,-77,-79,-75,3.710753,0.515073
-71,-78,-79,-74,4.250492,1.017189
-73,-79,-80,-75,4.422414,1.315531
-71,-79,-79,-75,4.583489,1.208147
-72,-78,-79,-75,4.178749,0.770909
-75,-79,-79,-75,4.172664,1.482031
-74,-77,-79,-75,3.710753,0.515073
-73,-77,-79,-75,3.821991,0.440914
-73,-78,-80,-73,4.089416,1.360767
-73,-79,-79,-75,4.422414,1.315531
-74,-77,-79,-74,3.710753,0.809181
-73,-77,-79,-75,3.821991,0.440914
-71,-78,-79,-75,4.250492,0.723081
-74,-78,-80,-75,3.978179,0.904623
-72,-78,-80,-75,4.178749,0.770909
-75,-78,-79,-74,3.839667,1.291072
-71,-78,-79,-75,4.250492,0.723081
-75,-78,-79,-75,3.839667,0.996964
-72,-78,-79,-74,4.178749,1.065017
-72,-78,-79,-75,4.178749,0.770909
-75,-78,-80,-74,3.839667,1.291072
-72,-78,-80,-74,4.178749,1.065017
-75,-78,-78,-72,3.875748,1.769509
-75,-78,-78,-70,3.677881,1.755952
-75,-78,-78,-72,3.875748,1.769509
-76,-78,-78,-72,3.758495,1.964932
-74,-79,-77,-71,4.08743,1.936083
-75,-78,-78,-70,3.677881,1.755952
-75,-78,-77,-71,3.993265,2.093025
-76,-78,-77,-74,4.292545,2.316988
-76,-78,-77,-72,3.985749,2.295967
-74,-79,-77,-71,4.08743,1.936083
-76,-78,-77,-71,3.876011,2.288448
-76,-79,-77,-72,3.985749,2.295967
-75,-78,-77,-70,3.905136,2.086986
-74,-79,-77,-73,4.333813,1.952965
-76,-78,-77,-74,4.292545,2.316988
-76,-78,-77,-73,4.122395,2.305329
-75,-79,-77,-72,4.103003,2.100544
-75,-79,-78,-74,4.182544,1.790531
-76,-78,-78,-74,4.06529,1.985953
-75,-79,-78,-73,4.012394,1.778872
-75,-78,-77,-74,4.409799,2.121565
-75,-79,-78,-71,3.76601,1.76199
-76,-78,-78,-72,3.758495,1.964932
-75,-79,-78,-71,3.76601,1.76199
-75,-78,-78,-74,4.182544,1.790531
-74,-78,-77,-74,4.503964,1.964624
-75,-78,-78,-74,4.182544,1.790531
-74,-78,-77,-74,4.503964,1.964624
-76,-78,-78,-72,3.758495,1.964932
-76,-78,-78,-73,3.89514,1.974295
-76,-78,-78,-74,4.06529,1.985953
-76,-78,-77,-72,3.985749,2.295967
-76,-78,-78,-72,3.758495,1.964932
-76,-78,-77,-73,4.122395,2.305329
-76,-78,-78,-74,4.06529,1.985953
-76,-78,-78,-73,3.89514,1.974295
-76,-79,-78,-73,3.89514,1.974295
-76,-79,-78,-74,4.06529,1.985953
-75,-78,-78,-74,4.182544,1.790531
-75,-79,-78,-72,3.875748,1.769509
-77,-80,-76,-69,3.753608,2.786749
-78,-80,-76,-69,3.571804,3.089755
-78,-80,-76,-72,3.840447,3.108162
-76,-80,-74,-70,4.234661,2.933216
-76,-80,-75,-72,4.314821,2.775315
-76,-80,-74,-72,4.432527,2.946773
-77,-79,-74,-71,4.176785,3.182594
-76,-80,-74,-69,4.163885,2.928367
-76,-79,-75,-70,4.116955,2.761758
-76,-80,-74,-71,4.322789,2.939254
-78,-80,-75,-69,3.718372,3.303254
-76,-79,-75,-72,4.314821,2.775315
-77,-80,-76,-69,3.753608,2.786749
-77,-79,-75,-69,3.900175,3.000248
-77,-80,-75,-71,4.059079,3.011136
-76,-80,-75,-69,4.046179,2.756908
-76,-80,-75,-69,4.046179,2.756908
-77,-79,-76,-71,3.912512,2.797636
-77,-79,-76,-72,4.02225,2.805156
-76,-79,-76,-70,3.970387,2.548258
-77,-80,-76,-73,4.158896,2.814518
-78,-80,-75,-72,3.987014,3.321661
-76,-79,-76,-73,4.3049,2.571178
-76,-80,-75,-71,4.205083,2.767796
-76,-80,-76,-72,4.168254,2.561816
-78,-80,-76,-71,3.730709,3.100643
-78,-79,-76,-72,3.840447,3.108162
-76,-80,-74,-73,4.569173,2.956136
-78,-80,-75,-72,3.987014,3.321661
-76,-79,-75,-72,4.314821,2.775315
-78,-79,-74,-73,4.241365,3.502482
-77,-80,-75,-73,4.305463,3.028018
-76,-80,-76,-73,4.3049,2.571178
-76,-79,-74,-72,4.432527,2.946773
-77,-79,-74,-73,4.423169,3.199476
-77,-79,-74,-72,4.286523,3.190113
-76,-80,-74,-73,4.569173,2.956136
-76,-80,-74,-72,4.432527,2.946773
-76,-80,-75,-71,4.205083,2.767796
-76,-79,-74,-73,4.569173,2.956136
-70,-80,-81,-79,5.055752,0.3234
-69,-80,-80,-78,5.102022,0.352819
-69,-80,-81,-78,5.102022,0.352819
-70,-80,-81,-78,5.055752,0.383665
-67,-80,-81,-78,5.169022,0.308152
-68,-80,-80,-78,5.139181,0.328046
-70,-79,-80,-78,4.641104,0.220338
-65,-80,-81,-79,5.212234,0.427721
-68,-79,-81,-78,4.724533,0.275957
-68,-80,-80,-79,5.139181,0.379019
-69,-80,-80,-78,5.102022,0.352819
-68,-79,-81,-79,4.724533,0.983022
-69,-80,-80,-78,5.102022,0.352819
-69,-79,-81,-78,4.687374,0.251185
-69,-80,-81,-79,5.102022,0.354246
-69,-80,-80,-79,5.102022,0.354246
-69,-80,-81,-79,5.102022,0.354246
-69,-79,-81,-79,4.687374,0.958249
-69,-79,-81,-79,4.687374,0.958249
-69,-79,-81,-78,4.687374,0.251185
-69,-80,-81,-78,5.102022,0.352819
-70,-80,-80,-79,5.055752,0.3234
-70,-79,-81,-78,4.641104,0.220338
-66,-80,-80,-78,5.192988,0.292175
-68,-80,-80,-79,5.139181,0.379019
-67,-80,-81,-79,5.169022,0.398913
-67,-79,-80,-78,4.754374,0.295851
-69,-80,-80,-78,5.102022,0.352819
-69,-80,-80,-79,5.102022,0.354246
-69,-79,-81,-79,4.687374,0.958249
-68,-79,-81,-78,4.724533,0.275957
-69,-80,-81,-79,5.102022,0.354246
-68,-80,-81,-78,5.139181,0.328046
-68,-79,-81,-78,4.724533,0.275957
-67,-79,-80,-79,4.754374,1.002916
-67,-79,-81,-78,4.754374,0.295851
-69,-80,-81,-79,5.102022,0.354246
-67,-80,-80,-79,5.169022,0.398913
-67,-80,-80,-78,5.169022,0.308152
-70,-79,-80,-78,4.641104,0.220338
-70,-80,-78,-77,5.305204,1.314868
-71,-80,-78,-76,4.937527,1.357639
-70,-80,-79,-76,4.693718,0.880156
-73,-80,-79,-76,4.545046,1.127943
-73,-80,-79,-77,4.873555,1.150452
-69,-80,-78,-77,5.33666,1.262442
-73,-79,-79,-76,4.545046,1.127943
-72,-80,-79,-76,4.605777,1.026724
-71,-79,-78,-77,5.266036,1.380148
-72,-80,-79,-77,4.934286,1.049233
-69,-80,-79,-77,5.053683,0.850239
-72,-79,-79,-76,4.605777,1.026724
-70,-80,-79,-76,4.693718,0.880156
-71,-79,-78,-76,4.937527,1.357639
-72,-80,-79,-76,4.605777,1.026724
-71,-80,-79,-76,4.65455,0.945436
-73,-80,-79,-76,4.545046,1.127943
-71,-79,-79,-76,4.65455,0.945436
-72,-79,-79,-76,4.605777,1.026724
-67,-79,-78,-76,5.053699,1.164018
-68,-80,-78,-77,5.361921,1.220339
-70,-80,-79,-76,4.693718,0.880156
-73,-79,-78,-76,4.828023,1.540146
-73,-80,-79,-76,4.545046,1.127943
-71,-80,-79,-77,4.983059,0.967945
-73,-80,-78,-77,5.156532,1.562655
-71,-79,-79,-77,4.983059,0.967945
-72,-80,-79,-77,4.934286,1.049233
-68,-80,-79,-76,4.750435,0.785627
-69,-79,-78,-77,5.33666,1.262442
-73,-79,-79,-77,4.873555,1.150452
-69,-80,-79,-77,5.053683,0.850239
-73,-80,-78,-76,4.828023,1.540146
-73,-79,-78,-77,5.156532,1.562655
-73,-79,-79,-77,4.873555,1.150452
-71,-79,-78,-76,4.937527,1.357639
-72,-80,-78,-77,5.217263,1.461436
-71,-80,-78,-77,5.266036,1.380148
-72,-80,-79,-77,4.934286,1.049233
-72,-79,-79,-77,4.934286,1.049233
-71,-80,-76,-75,5.083465,1.936446
-73,-80,-76,-76,5.237783,2.137029
-73,-80,-76,-76,5.237783,2.137029
-73,-80,-77,-76,5.055278,1.87118
-72,-80,-76,-75,5.034693,2.017733
-71,-81,-77,-74,4.68909,1.65608
-72,-81,-77,-75,4.852188,1.751885
-74,-81,-77,-74,4.503964,1.964624
-72,-81,-76,-76,5.298514,2.03581
-71,-80,-77,-76,5.164781,1.688674
-72,-81,-76,-75,5.034693,2.017733
-71,-80,-77,-76,5.164781,1.688674
-73,-81,-76,-75,4.973962,2.118952
-71,-81,-76,-75,5.083465,1.936446
-72,-80,-77,-76,5.116009,1.769961
-73,-80,-77,-76,5.055278,1.87118
-73,-80,-77,-76,5.055278,1.87118
-74,-80,-77,-76,4.979655,1.997217
-71,-81,-76,-76,5.347286,1.954523
-73,-80,-76,-76,5.237783,2.137029
-71,-80,-76,-76,5.347286,1.954523
-72,-81,-76,-76,5.298514,2.03581
-74,-81,-77,-76,4.979655,1.997217
-73,-81,-76,-76,5.237783,2.137029
-73,-81,-77,-74,4.579586,1.838586
-74,-81,-76,-74,4.686469,2.230473
-73,-81,-76,-76,5.237783,2.137029
-71,-80,-76,-74,4.871595,1.921929
-74,-80,-77,-75,4.715834,1.979141
-72,-81,-76,-75,5.034693,2.017733
-71,-81,-76,-74,4.871595,1.921929
-72,-80,-77,-76,5.116009,1.769961
-72,-80,-76,-75,5.034693,2.017733
-72,-80,-76,-75,5.034693,2.017733
-72,-81,-76,-75,5.034693,2.017733
-73,-81,-76,-75,4.973962,2.118952
-74,-80,-77,-75,4.715834,1.979141
-72,-81,-77,-75,4.852188,1.751885
-74,-80,-76,-74,4.686469,2.230473
-72,-81,-76,-75,5.034693,2.017733
-77,-81,-72,-75,4.975632,3.473929
-75,-81,-72,-76,5.502711,3.053243
-75,-81,-72,-76,5.502711,3.053243
-75,-81,-72,-76,5.502711,3.053243
-76,-81,-74,-75,4.951194,2.982312
-75,-81,-73,-74,4.951105,2.910068
-75,-81,-75,-75,4.950742,2.61543
-76,-81,-74,-74,4.739323,2.967795
-76,-81,-73,-76,5.309543,3.138084
-76,-81,-74,-76,5.215015,3.000388
-76,-81,-74,-75,4.951194,2.982312
-77,-81,-72,-76,5.239453,3.492006
-75,-81,-75,-75,4.950742,2.61543
-76,-81,-72,-75,5.121636,3.230589
-76,-81,-71,-76,5.446423,3.337472
-75,-81,-72,-76,5.502711,3.053243
-75,-81,-73,-76,5.426797,2.942661
-76,-81,-73,-76,5.309543,3.138084
-75,-81,-73,-76,5.426797,2.942661
-75,-81,-73,-76,5.426797,2.942661
-75,-81,-74,-76,5.332269,2.804965
-76,-81,-71,-76,5.446423,3.337472
-77,-81,-75,-76,4.951305,3.07227
-77,-81,-72,-76,5.239453,3.492006
-77,-81,-72,-74,4.763761,3.459412
-75,-81,-73,-74,4.951105,2.910068
-75,-81,-75,-76,5.214563,2.633507
-75,-81,-71,-74,5.087985,3.109456
-75,-81,-72,-75,5.23889,3.035166
-75,-81,-72,-75,5.23889,3.035166
-75,-81,-75,-74,4.738871,2.600913
-76,-81,-75,-76,5.097309,2.82893
-76,-81,-75,-75,4.833488,2.810853
-77,-81,-75,-75,4.687484,3.054193
-77,-81,-73,-75,4.899718,3.363348
-76,-81,-72,-75,5.121636,3.230589
-76,-81,-72,-75,5.121636,3.230589
-76,-81,-73,-75,5.045722,3.120008
-77,-81,-73,-74,4.687847,3.34883
-76,-81,-73,-75,5.045722,3.120008
-77,-82,-72,-75,4.975632,3.473929
-79,-82,-72,-76,4.831268,4.172314
-78,-82,-72,-76,5.057649,3.795012
-78,-82,-71,-76,5.118615,3.883818
-79,-82,-67,-75,4.773628,4.454576
-79,-81,-70,-74,4.465502,4.299846
-79,-81,-69,-75,4.716692,4.371639
-79,-81,-69,-74,4.504822,4.357122
-77,-81,-70,-76,5.349379,3.652131
-79,-82,-69,-76,4.980513,4.389716
-79,-81,-67,-75,4.773628,4.454576
-78,-82,-70,-76,5.167575,3.955138
-77,-81,-72,-75,4.975632,3.473929
-77,-81,-72,-75,4.975632,3.473929
-77,-82,-69,-76,5.388699,3.709407
-78,-82,-71,-76,5.118615,3.883818
-77,-81,-72,-76,5.239453,3.492006
-79,-82,-71,-76,4.892233,4.261121
-77,-82,-72,-76,5.239453,3.492006
-78,-81,-70,-76,5.167575,3.955138
-77,-82,-70,-76,5.349379,3.652131
-78,-82,-71,-76,5.118615,3.883818
-79,-82,-70,-76,4.941194,4.33244
-79,-81,-70,-76,4.941194,4.33244
-79,-81,-72,-74,4.355576,4.139721
-79,-81,-72,-74,4.355576,4.139721
-78,-81,-71,-76,5.118615,3.883818
-79,-81,-72,-74,4.355576,4.139721
-78,-82,-72,-75,4.793828,3.776935
-78,-82,-72,-75,4.793828,3.776935
-77,-82,-72,-74,4.763761,3.459412
-79,-81,-73,-76,4.755354,4.061733
-77,-81,-73,-75,4.899718,3.363348
-79,-82,-73,-75,4.491533,4.043656
-79,-81,-73,-75,4.491533,4.043656
-79,-81,-73,-75,4.491533,4.043656
-79,-82,-73,-75,4.491533,4.043656
-79,-82,-73,-75,4.491533,4.043656
-79,-82,-73,-74,4.279662,4.029139
-79,-81,-73,-75,4.491533,4.043656
-69,-82,-80,-79,5.619738,0.399893
-69,-81,-81,-78,4.671619,0.274134
-67,-82,-81,-80,5.860778,0.271691
-68,-82,-81,-79,5.206239,0.281337
-65,-82,-81,-78,4.746544,0.39901
-68,-82,-80,-78,5.135641,0.32289
-68,-81,-80,-78,5.135641,0.32289
-69,-81,-80,-78,5.110379,0.364993
-68,-81,-81,-80,5.840491,0.237879
-69,-82,-81,-78,4.671619,0.274134
-67,-81,-80,-79,5.665286,0.323979
-69,-82,-80,-78,5.110379,0.364993
-69,-81,-81,-80,5.815229,0.195776
-69,-81,-81,-79,5.180978,0.239234
-69,-82,-80,-78,5.110379,0.364993
-69,-82,-81,-80,5.815229,0.195776
-69,-81,-81,-79,5.180978,0.239234
-69,-82,-81,-78,4.671619,0.274134
-69,-82,-80,-80,6.253989,0.443351
-66,-81,-81,-78,4.73346,0.377203
-68,-82,-81,-79,5.206239,0.281337
-67,-82,-81,-80,5.860778,0.271691
-67,-82,-81,-80,5.860778,0.271691
-69,-81,-81,-79,5.180978,0.239234
-69,-81,-80,-79,5.619738,0.399893
-69,-81,-81,-79,5.180978,0.239234
-68,-81,-80,-78,5.135641,0.32289
-65,-81,-80,-78,5.185305,0.240117
-69,-82,-80,-79,5.619738,0.399893
-68,-82,-81,-78,4.696881,0.316237
-68,-82,-80,-80,6.279251,0.401249
-67,-81,-80,-78,5.155928,0.289078
-67,-81,-80,-79,5.665286,0.323979
-69,-82,-81,-80,5.815229,0.195776
-67,-81,-81,-79,5.226526,0.315149
-67,-81,-81,-78,4.717168,0.350049
-69,-82,-81,-78,4.671619,0.274134
-69,-82,-81,-79,5.180978,0.239234
-67,-82,-80,-79,5.665286,0.323979
-69,-81,-80,-78,5.110379,0.364993
-69,-82,-78,-79,6.255077,1.32537
-69,-81,-78,-78,5.745718,1.29047
-67,-82,-79,-79,6.017648,0.837253
-68,-82,-79,-78,5.488003,0.836164
-65,-82,-79,-78,5.537667,0.753391
-68,-82,-78,-78,5.77098,1.248367
-68,-81,-79,-78,5.488003,0.836164
-69,-81,-79,-78,5.462741,0.878267
-68,-81,-78,-79,6.280338,1.283268
-69,-82,-79,-78,5.462741,0.878267
-67,-81,-79,-79,6.017648,0.837253
-69,-82,-79,-78,5.462741,0.878267
-69,-81,-79,-79,5.9721,0.913167
-69,-81,-78,-78,5.745718,1.29047
-69,-82,-79,-78,5.462741,0.878267
-69,-82,-79,-79,5.9721,0.913167
-69,-81,-79,-79,5.9721,0.913167
-69,-82,-79,-79,5.9721,0.913167
-69,-82,-79,-79,5.9721,0.913167
-66,-81,-78,-79,6.316918,1.222302
-68,-82,-78,-78,5.77098,1.248367
-67,-82,-79,-78,5.50829,0.802352
-67,-82,-78,-79,6.300625,1.249456
-69,-81,-79,-78,5.462741,0.878267
-69,-81,-79,-78,5.462741,0.878267
-69,-81,-78,-79,6.255077,1.32537
-68,-81,-79,-79,5.997361,0.871065
-65,-81,-79,-78,5.537667,0.753391
-69,-82,-79,-78,5.462741,0.878267
-68,-82,-78,-79,6.280338,1.283268
-68,-82,-79,-79,5.997361,0.871065
-67,-81,-79,-78,5.50829,0.802352
-67,-81,-78,-79,6.300625,1.249456
-69,-82,-78,-78,5.745718,1.29047
-67,-81,-79,-78,5.50829,0.802352
-67,-81,-78,-79,6.300625,1.249456
-69,-82,-78,-78,5.745718,1.29047
-69,-82,-78,-79,6.255077,1.32537
-67,-82,-79,-79,6.017648,0.837253
-69,-81,-79,-78,5.462741,0.878267
-71,-82,-76,-77,5.675795,1.977032
-70,-82,-76,-77,5.714964,1.911751
-73,-82,-76,-78,5.97535,2.187566
-73,-82,-75,-77,5.712859,2.373037
-69,-82,-75,-77,5.892987,2.072824
-73,-82,-77,-77,5.383787,1.893689
-72,-81,-75,-78,6.182649,2.299847
-71,-81,-75,-77,5.822363,2.190531
-72,-81,-76,-78,6.036081,2.086347
-69,-82,-75,-78,6.302045,2.100853
-72,-81,-75,-78,6.182649,2.299847
-70,-82,-75,-78,6.270589,2.153279
-71,-81,-75,-78,6.231421,2.218559
-72,-81,-77,-78,5.853576,1.820498
-71,-82,-76,-78,6.084854,2.00506
-73,-82,-77,-78,5.792845,1.921717
-71,-81,-76,-77,5.675795,1.977032
-72,-82,-77,-78,5.853576,1.820498
-70,-82,-76,-78,6.124022,1.939779
-73,-81,-76,-78,5.97535,2.187566
-73,-82,-77,-77,5.383787,1.893689
-71,-82,-77,-78,5.902349,1.739211
-73,-82,-75,-77,5.712859,2.373037
-71,-81,-77,-78,5.902349,1.739211
-72,-81,-77,-78,5.853576,1.820498
-69,-81,-76,-77,5.746419,1.859325
-73,-81,-75,-77,5.712859,2.373037
-69,-81,-76,-78,6.155478,1.887353
-73,-82,-76,-78,5.97535,2.187566
-73,-82,-76,-78,5.97535,2.187566
-69,-82,-77,-77,5.563914,1.593476
-69,-81,-75,-77,5.892987,2.072824
-69,-81,-75,-78,6.302045,2.100853
-69,-82,-77,-77,5.563914,1.593476
-69,-81,-75,-77,5.892987,2.072824
-73,-81,-76,-78,5.97535,2.187566
-71,-82,-75,-77,5.822363,2.190531
-72,-82,-75,-78,6.182649,2.299847
-71,-82,-77,-78,5.902349,1.739211
-72,-81,-76,-78,6.036081,2.086347
-77,-83,-72,-77,5.567962,3.514515
-75,-83,-72,-77,5.83122,3.075752
-75,-82,-72,-78,6.240278,3.10378
-75,-82,-74,-77,5.660778,2.827474
-76,-83,-73,-77,5.638052,3.160593
-75,-83,-74,-77,5.660778,2.827474
-74,-82,-71,-78,6.395408,3.035645
-75,-83,-73,-77,5.755306,2.96517
-75,-83,-74,-78,6.069836,2.855502
-76,-82,-74,-78,5.952582,3.050925
-76,-83,-72,-78,6.123024,3.299203
-74,-83,-72,-78,6.334443,2.946838
-76,-83,-71,-78,6.18399,3.388009
-76,-82,-72,-78,6.123024,3.299203
-77,-83,-71,-78,6.037986,3.631349
-75,-83,-72,-78,6.240278,3.10378
-74,-83,-73,-77,5.84947,2.808229
-76,-83,-73,-78,6.04711,3.188621
-76,-83,-73,-78,6.04711,3.188621
-75,-83,-73,-78,6.164364,2.993198
-75,-83,-74,-77,5.660778,2.827474
-74,-83,-71,-78,6.395408,3.035645
-76,-83,-72,-77,5.713966,3.271175
-74,-82,-72,-78,6.334443,2.946838
-75,-82,-73,-78,6.164364,2.993198
-75,-83,-71,-77,5.892185,3.164558
-75,-82,-72,-77,5.83122,3.075752
-76,-82,-72,-78,6.123024,3.299203
-77,-82,-73,-78,5.901106,3.431961
-77,-83,-72,-78,5.97702,3.542543
-75,-82,-72,-77,5.83122,3.075752
-75,-82,-73,-77,5.755306,2.96517
-74,-82,-73,-78,6.258529,2.836257
-75,-83,-73,-77,5.755306,2.96517
-74,-82,-73,-77,5.84947,2.808229
-76,-82,-73,-78,6.04711,3.188621
-76,-82,-73,-77,5.638052,3.160593
-77,-83,-73,-78,5.901106,3.431961
-74,-83,-73,-78,6.258529,2.836257
-77,-82,-73,-78,5.901106,3.431961
-77,-83,-69,-77,5.717208,3.731916
-78,-83,-67,-77,5.59234,4.117859
-78,-83,-70,-78,5.905143,4.005675
-77,-83,-69,-77,5.717208,3.731916
-77,-83,-66,-77,5.794509,3.844518
-78,-83,-70,-77,5.496084,3.977647
-77,-83,-69,-78,6.126266,3.759944
-77,-83,-67,-77,5.774143,3.814852
-77,-83,-70,-78,6.086947,3.702668
-78,-83,-70,-78,5.905143,4.005675
-77,-83,-70,-78,6.086947,3.702668
-77,-83,-70,-78,6.086947,3.702668
-78,-83,-70,-78,5.905143,4.005675
-77,-83,-70,-78,6.086947,3.702668
-78,-83,-70,-78,5.905143,4.005675
-78,-83,-67,-78,6.001398,4.145887
-78,-83,-70,-77,5.496084,3.977647
-78,-83,-68,-78,5.976039,4.108947
-78,-83,-69,-78,5.944462,4.06295
-77,-83,-70,-78,6.086947,3.702668
-77,-83,-66,-77,5.794509,3.844518
-77,-83,-67,-78,6.183202,3.84288
-78,-83,-68,-77,5.566981,4.080919
-77,-83,-67,-78,6.183202,3.84288
-77,-83,-69,-78,6.126266,3.759944
-77,-83,-69,-77,5.717208,3.731916
-77,-83,-69,-77,5.717208,3.731916
-77,-83,-69,-78,6.126266,3.759944
-78,-83,-69,-78,5.944462,4.06295
-78,-83,-69,-78,5.944462,4.06295
-78,-83,-66,-77,5.612705,4.147524
-78,-83,-68,-77,5.566981,4.080919
-78,-83,-69,-78,5.944462,4.06295
-78,-83,-70,-77,5.496084,3.977647
-77,-83,-66,-77,5.794509,3.844518
-77,-83,-70,-78,6.086947,3.702668
-77,-83,-65,-77,5.810864,3.868342
-77,-83,-67,-78,6.183202,3.84288
-77,-83,-66,-78,6.203567,3.872546
-77,-83,-65,-78,6.219923,3.89637
-79,-84,-63,-79,6.344779,4.646077
-80,-84,-63,-78,5.553531,5.080993
-80,-84,-64,-79,6.052341,5.100528
-80,-84,-64,-78,5.542982,5.065628
-79,-84,-64,-78,5.824872,4.595812
-80,-84,-64,-78,5.542982,5.065628
-79,-84,-63,-78,5.83542,4.611177
-79,-84,-62,-78,5.843891,4.623517
-79,-84,-63,-79,6.344779,4.646077
-80,-84,-62,-78,5.562002,5.093333
-80,-84,-64,-78,5.542982,5.065628
-80,-84,-61,-79,6.078163,5.138143
-79,-84,-64,-78,5.824872,4.595812
-79,-84,-62,-78,5.843891,4.623517
-80,-84,-61,-79,6.078163,5.138143
-79,-84,-63,-79,6.344779,4.646077
-79,-84,-63,-79,6.344779,4.646077
-79,-84,-64,-79,6.33423,4.630712
-79,-84,-64,-79,6.33423,4.630712
-80,-84,-61,-78,5.568805,5.103242
-80,-84,-63,-78,5.553531,5.080993
-79,-84,-63,-79,6.344779,4.646077
-79,-84,-62,-78,5.843891,4.623517
-80,-84,-61,-78,5.568805,5.103242
-80,-84,-62,-79,6.07136,5.128233
-80,-84,-63,-79,6.062889,5.115893
-79,-84,-59,-78,5.860545,4.647776
-80,-84,-64,-78,5.542982,5.065628
-79,-84,-63,-79,6.344779,4.646077
-79,-84,-62,-79,6.35325,4.658417
-79,-84,-64,-78,5.824872,4.595812
-79,-84,-64,-79,6.33423,4.630712
-79,-84,-62,-78,5.843891,4.623517
-79,-84,-62,-78,5.843891,4.623517
-79,-84,-63,-79,6.344779,4.646077
-79,-84,-64,-78,5.824872,4.595812
-79,-84,-63,-79,6.344779,4.646077
-79,-84,-61,-79,6.360053,4.668327
-79,-84,-62,-78,5.843891,4.623517
-79,-84,-63,-78,5.83542,4.611177
